{"stats":{"minecraft:custom":{"minecraft:interact_with_furnace":4,"minecraft:mob_kills":14,"minecraft:interact_with_crafting_table":6,"minecraft:time_since_death":19716,"minecraft:climb_one_cm":2323,"minecraft:time_since_rest":19716,"minecraft:sprint_one_cm":47373,"minecraft:damage_taken":405,"minecraft:walk_one_cm":59266,"minecraft:damage_dealt":1170,"minecraft:swim_one_cm":1725,"minecraft:fly_one_cm":35264,"minecraft:crouch_one_cm":214,"minecraft:play_time":19716,"minecraft:sneak_time":76,"minecraft:walk_under_water_one_cm":65,"minecraft:jump":341,"minecraft:walk_on_water_one_cm":146,"minecraft:total_world_time":19716,"minecraft:fall_one_cm":3811},"minecraft:used":{"minecraft:stone_sword":22,"minecraft:stone_pickaxe":42,"minecraft:stone_shovel":31,"minecraft:wooden_pickaxe":5,"minecraft:cooked_chicken":3,"minecraft:crafting_table":2,"minecraft:stone_axe":98,"minecraft:furnace":1,"minecraft:cooked_porkchop":2},"minecraft:mined":{"minecraft:jungle_leaves":38,"minecraft:dandelion":3,"minecraft:cornflower":3,"minecraft:grass_block":3,"minecraft:poppy":2,"minecraft:jungle_log":38,"minecraft:copper_ore":6,"minecraft:tall_grass":1,"minecraft:oxeye_daisy":1,"minecraft:birch_log":14,"minecraft:iron_ore":1,"minecraft:birch_leaves":3,"minecraft:azure_bluet":1,"minecraft:grass":30,"minecraft:coal_ore":5,"minecraft:oak_log":5,"minecraft:vine":13,"minecraft:gravel":31,"minecraft:dirt":9,"minecraft:stone":35,"minecraft:oak_leaves":6,"minecraft:fern":7},"minecraft:picked_up":{"minecraft:birch_log":12,"minecraft:feather":4,"minecraft:azure_bluet":1,"minecraft:cooked_beef":4,"minecraft:chicken":4,"minecraft:jungle_log":37,"minecraft:leather":2,"minecraft:flint":6,"minecraft:oak_log":5,"minecraft:cornflower":2,"minecraft:dirt":12,"minecraft:raw_copper":20,"minecraft:bone":1,"minecraft:wheat_seeds":10,"minecraft:beef":8,"minecraft:jungle_sapling":2,"minecraft:poppy":2,"minecraft:light_gray_wool":1,"minecraft:egg":4,"minecraft:raw_iron":1,"minecraft:stick":4,"minecraft:cooked_porkchop":5,"minecraft:dandelion":3,"minecraft:gravel":24,"minecraft:porkchop":1,"minecraft:oak_sapling":2,"minecraft:mutton":6,"minecraft:coal":5,"minecraft:white_wool":3,"minecraft:cobblestone":36,"minecraft:oxeye_daisy":1},"minecraft:crafted":{"minecraft:stone_shovel":1,"minecraft:crafting_table":2,"minecraft:wooden_pickaxe":1,"minecraft:cooked_chicken":3,"minecraft:furnace":1,"minecraft:stone_axe":1,"minecraft:air":0,"minecraft:jungle_planks":64,"minecraft:stick":12,"minecraft:stone_pickaxe":2,"minecraft:stone_sword":1},"minecraft:killed":{"minecraft:pig":1,"minecraft:sheep":4,"minecraft:skeleton":1,"minecraft:chicken":4,"minecraft:cow":4}},"DataVersion":3465}