{"stats":{"minecraft:custom":{"minecraft:time_since_rest":7716,"minecraft:play_time":7716,"minecraft:sprint_one_cm":6194,"minecraft:damage_taken":10,"minecraft:walk_one_cm":15189,"minecraft:sneak_time":7,"minecraft:jump":86,"minecraft:time_since_death":7716,"minecraft:total_world_time":7716,"minecraft:climb_one_cm":230,"minecraft:fly_one_cm":3738,"minecraft:interact_with_crafting_table":4,"minecraft:fall_one_cm":956},"minecraft:used":{"minecraft:stone_axe":8,"minecraft:crafting_table":1,"minecraft:stone_pickaxe":13,"minecraft:wooden_pickaxe":5},"minecraft:mined":{"minecraft:grass":12,"minecraft:grass_block":3,"minecraft:vine":6,"minecraft:jungle_log":10,"minecraft:dirt":9,"minecraft:jungle_leaves":37,"minecraft:stone":18,"minecraft:fern":4},"minecraft:picked_up":{"minecraft:stick":2,"minecraft:jungle_log":9,"minecraft:wheat_seeds":4,"minecraft:jungle_sapling":2,"minecraft:dirt":12,"minecraft:cobblestone":19},"minecraft:crafted":{"minecraft:stone_sword":1,"minecraft:stone_axe":1,"minecraft:crafting_table":1,"minecraft:stick":12,"minecraft:stone_pickaxe":2,"minecraft:jungle_planks":16,"minecraft:wooden_pickaxe":1}},"DataVersion":3465}