{"stats":{"minecraft:picked_up":{"minecraft:birch_log":7,"minecraft:crafting_table":2,"minecraft:coal":22,"minecraft:birch_sapling":1,"minecraft:cobblestone":8,"minecraft:egg":1},"minecraft:used":{"minecraft:crafting_table":2,"minecraft:stone_pickaxe":25,"alexsmobs:animal_dictionary":2,"minecraft:wooden_pickaxe":6},"minecraft:mined":{"minecraft:coal_ore":22,"minecraft:birch_log":7,"minecraft:stone":8,"minecraft:crafting_table":2},"minecraft:custom":{"minecraft:time_since_rest":14559,"minecraft:crouch_one_cm":97,"minecraft:play_time":14559,"minecraft:sprint_one_cm":12571,"minecraft:damage_taken":70,"minecraft:walk_one_cm":51703,"minecraft:sneak_time":49,"minecraft:jump":28,"minecraft:damage_dealt":10,"minecraft:time_since_death":14559,"minecraft:total_world_time":14559,"minecraft:fall_one_cm":1242,"minecraft:interact_with_crafting_table":2,"minecraft:fly_one_cm":4803},"minecraft:crafted":{"minecraft:birch_planks":28,"minecraft:crafting_table":1,"minecraft:stick":1,"minecraft:air":6,"minecraft:wooden_pickaxe":1,"minecraft:stone_pickaxe":1}},"DataVersion":3465}