{"stats":{"minecraft:custom":{"minecraft:jump":53,"minecraft:time_since_rest":7415,"minecraft:damage_dealt":50,"minecraft:leave_game":3,"minecraft:play_time":7415,"minecraft:sprint_one_cm":6906,"minecraft:time_since_death":7415,"minecraft:walk_one_cm":6213,"minecraft:sneak_time":4,"minecraft:total_world_time":7415,"minecraft:mob_kills":1,"minecraft:talked_to_villager":4,"minecraft:fall_one_cm":689,"minecraft:fly_one_cm":52436},"minecraft:mined":{"minecraft:oak_log":1,"minecraft:birch_leaves":3},"minecraft:killed":{"minecraft:skeleton":1},"minecraft:used":{"minecraft:birch_sapling":2},"minecraft:picked_up":{"minecraft:oak_log":1,"minecraft:birch_sapling":2}},"DataVersion":3465}