{"stats":{"minecraft:custom":{"minecraft:time_since_rest":584,"minecraft:sprint_one_cm":12558,"minecraft:play_time":8278,"minecraft:deaths":1,"minecraft:damage_taken":370,"minecraft:walk_one_cm":16524,"minecraft:jump":127,"minecraft:damage_dealt":62,"minecraft:leave_game":1,"minecraft:time_since_death":529,"minecraft:climb_one_cm":222,"minecraft:total_world_time":8278,"minecraft:fly_one_cm":16362,"minecraft:fall_one_cm":4586,"minecraft:interact_with_crafting_table":7},"minecraft:used":{"minecraft:wooden_axe":2,"minecraft:cobblestone":1,"minecraft:crafting_table":1,"minecraft:stone_pickaxe":2,"minecraft:wooden_pickaxe":6},"minecraft:mined":{"minecraft:grass":1,"minecraft:vine":1,"minecraft:jungle_log":3,"minecraft:stone":6,"minecraft:oak_leaves":3,"minecraft:crafting_table":1,"minecraft:fern":2},"minecraft:picked_up":{"minecraft:wooden_axe":1,"minecraft:stick":3,"minecraft:crafting_table":2,"minecraft:apple":1,"minecraft:jungle_log":4,"minecraft:wooden_pickaxe":1,"minecraft:jungle_planks":2,"minecraft:stone_pickaxe":1,"minecraft:oak_sapling":2,"minecraft:cobblestone":16},"minecraft:crafted":{"minecraft:crafting_table":1,"minecraft:stick":8,"minecraft:stone_pickaxe":1,"minecraft:wooden_pickaxe":1,"minecraft:jungle_planks":16,"minecraft:wooden_axe":1},"minecraft:killed_by":{"minecraft:creeper":1}},"DataVersion":3465}