{"stats":{"minecraft:picked_up":{"minecraft:birch_log":5,"minecraft:stick":4,"minecraft:dirt":2,"minecraft:birch_sapling":2,"minecraft:cobblestone":11},"minecraft:used":{"minecraft:dirt":2,"minecraft:crafting_table":1,"minecraft:stone_pickaxe":8,"alexsmobs:animal_dictionary":1,"minecraft:wooden_pickaxe":3},"minecraft:mined":{"minecraft:grass_block":2,"minecraft:birch_log":5,"minecraft:stone":11,"minecraft:birch_leaves":3},"minecraft:custom":{"minecraft:time_since_rest":17207,"minecraft:crouch_one_cm":10,"minecraft:play_time":17207,"minecraft:sprint_one_cm":36236,"minecraft:damage_taken":60,"minecraft:walk_one_cm":58864,"minecraft:sneak_time":68,"minecraft:jump":106,"minecraft:damage_dealt":20,"minecraft:time_since_death":17207,"minecraft:total_world_time":17207,"minecraft:fall_one_cm":2883,"minecraft:interact_with_crafting_table":4,"minecraft:fly_one_cm":27665},"minecraft:crafted":{"epicfight:stone_greatsword":1,"minecraft:birch_planks":5,"minecraft:crafting_table":1,"minecraft:stick":4,"minecraft:wooden_pickaxe":1,"minecraft:air":23,"minecraft:stone_pickaxe":1}},"DataVersion":3465}