{"stats":{"minecraft:custom":{"minecraft:time_since_rest":12584,"minecraft:interact_with_furnace":26,"minecraft:sprint_one_cm":54379,"minecraft:damage_taken":460,"minecraft:walk_one_cm":57990,"minecraft:mob_kills":9,"minecraft:drop":8,"minecraft:damage_dealt":1167,"minecraft:interact_with_crafting_table":9,"minecraft:fly_one_cm":69085,"minecraft:play_time":20278,"minecraft:deaths":1,"minecraft:sneak_time":13,"minecraft:jump":443,"minecraft:leave_game":1,"minecraft:time_since_death":12529,"minecraft:total_world_time":20278,"minecraft:climb_one_cm":923,"minecraft:fall_one_cm":16052},"minecraft:used":{"minecraft:wooden_axe":2,"minecraft:stone_sword":33,"minecraft:stone_pickaxe":16,"minecraft:wooden_pickaxe":6,"minecraft:cooked_chicken":1,"minecraft:bamboo":5,"minecraft:stone_axe":34,"minecraft:dirt":1,"minecraft:cobblestone":1,"minecraft:crafting_table":1,"minecraft:furnace":2,"minecraft:cooked_beef":1},"minecraft:mined":{"minecraft:furnace":3,"minecraft:jungle_leaves":2,"minecraft:birch_leaves":2,"minecraft:crafting_table":3,"minecraft:grass":26,"minecraft:grass_block":1,"minecraft:oak_log":11,"minecraft:vine":1,"minecraft:jungle_log":4,"minecraft:tall_grass":5,"minecraft:bamboo":11,"minecraft:stone":17,"minecraft:oak_leaves":12,"minecraft:fern":7},"minecraft:picked_up":{"minecraft:wooden_axe":1,"minecraft:stick":3,"minecraft:crafting_table":4,"minecraft:cooked_beef":4,"minecraft:cooked_porkchop":5,"minecraft:jungle_log":5,"minecraft:leather":7,"minecraft:wooden_pickaxe":1,"minecraft:porkchop":10,"minecraft:jungle_planks":2,"minecraft:oak_log":11,"minecraft:dirt":1,"minecraft:apple":1,"minecraft:wheat_seeds":4,"minecraft:beef":9,"minecraft:stone_pickaxe":1,"minecraft:bamboo":133,"minecraft:oak_sapling":2,"minecraft:mutton":4,"minecraft:coal":3,"minecraft:cobblestone":27,"minecraft:furnace":3},"minecraft:crafted":{"minecraft:cooked_beef":9,"minecraft:oak_planks":44,"minecraft:cooked_porkchop":10,"minecraft:crafting_table":1,"minecraft:stick":8,"minecraft:cooked_chicken":1,"minecraft:wooden_pickaxe":1,"minecraft:stone_pickaxe":1,"minecraft:wooden_axe":1,"minecraft:stone_sword":1,"minecraft:furnace":2,"minecraft:stone_axe":1,"minecraft:air":0,"minecraft:jungle_planks":20},"minecraft:killed_by":{"minecraft:creeper":1},"minecraft:killed":{"minecraft:pig":5,"minecraft:cow":4},"minecraft:dropped":{"minecraft:wheat_seeds":4,"minecraft:cooked_beef":8,"minecraft:cooked_porkchop":10}},"DataVersion":3465}